<!DOCTYPE hibernate-configuration PUBLIC
        "-//Hibernate/Hibernate Configuration DTD 3.0//EN"
        "http://hibernate.sourceforge.net/hibernate-configuration-3.0.dtd">

<hibernate-configuration>
	<session-factory>
		<!-- Database connection settings -->
		<property name="connection.driver_class">com.mysql.jdbc.Driver</property>
		<property name="connection.url">jdbc:mysql://localhost/test</property>
		<property name="connection.username">root</property>
		<property name="connection.password">root</property>
		<property name="connection.pool_size">1</property>
		<property name="dialect">org.hibernate.dialect.MySQLDialect</property>
		<property name="current_session_context_class">thread</property>
		
		<!-- Disable the second-level cache  -->
		<property name="show_sql">true</property>
		
		<!-- <property name="hbm2ddl.auto">create</property> -->
		
		
		
		 <property name="hibernate.cache.use_second_level_cache">true</property>
    	<property name="hibernate.cache.use_query_cache">true</property>
    	<property name="hibernate.cache.region.factory_class">net.sf.ehcache.hibernate.SingletonEhCacheRegionFactory</property>
    	
    	<property name="net.sf.ehcache.configurationResourceName">config/ehcache.xml</property>


		<mapping resource="com/newslive/actions/db/entity/News.hbm.xml" />
	</session-factory>
</hibernate-configuration>