<?xml version="1.0" encoding="UTF-8"?>
<!DOCTYPE hibernate-mapping PUBLIC
        "-//Hibernate/Hibernate Mapping DTD 3.0//EN"
        "http://hibernate.sourceforge.net/hibernate-mapping-3.0.dtd">

<hibernate-mapping package="com.newslive.actions.db.entity">
	
	<class name="News" table="news_hb">
	<cache usage="read-write" />
		<id name="id" column="id">
			<generator class="native" />
		</id>
		<property name="newsHeading" />
		<property name="newsBody" />
		
	</class>
</hibernate-mapping>