<?xml version="1.0"?>
<beans xmlns="http://www.springframework.org/schema/beans" xmlns:amq="http://activemq.apache.org/schema/core"
  xmlns:xsi="http://www.w3.org/2001/XMLSchema-instance"
  xsi:schemaLocation="http://www.springframework.org/schema/beans http://www.springframework.org/schema/beans/spring-beans-2.0.xsd
  http://activemq.apache.org/schema/core http://activemq.apache.org/schema/core/activemq-core-5.3.0.xsd">

  <bean class="org.springframework.beans.factory.config.PropertyPlaceholderConfigurer"></bean>

  <broker xmlns="http://activemq.apache.org/schema/core" brokerName="FooBroker"
    dataDirectory="C:/activemq-5.5.0/data/" useJmx="true">

    <managementContext>
      <managementContext connectorPort="1099" jmxDomainName="my-broker"></managementContext>
    </managementContext>

    <persistenceAdapter>
      <!-- Linux: /opt/apache-activemq-5.5.0/data/kahadb -->
      <kahaDB directory="C:/activemq-5.5.0/data/kahadb"></kahaDB>
    </persistenceAdapter>
    <systemUsage>
      <systemUsage>
        <memoryUsage>
          <memoryUsage limit="128 mb"></memoryUsage>
        </memoryUsage>
        <storeUsage>
          <storeUsage limit="1 gb"></storeUsage>
        </storeUsage>
        <tempUsage>
          <tempUsage limit="100 mb"></tempUsage>
        </tempUsage>
      </systemUsage>
    </systemUsage>

    <transportConnectors>
      <transportConnector name="openwire" uri="tcp://127.0.0.1:61616"></transportConnector>
    </transportConnectors>

  </broker>

</beans>
