<?xml version="1.0" encoding="UTF-8"?>
<beans xmlns="http://www.springframework.org/schema/beans" xmlns:xsi="http://www.w3.org/2001/XMLSchema-instance"
  xmlns:jee="http://www.springframework.org/schema/jee" xmlns:jms="http://www.springframework.org/schema/jms"
  xmlns:p="http://www.springframework.org/schema/p"
  xsi:schemaLocation="
    http://www.springframework.org/schema/beans http://www.springframework.org/schema/beans/spring-beans.xsd
    http://www.springframework.org/schema/jee http://www.springframework.org/schema/jee/spring-jee.xsd
    http://www.springframework.org/schema/jms http://www.springframework.org/schema/jms/spring-jms.xsd">


  <bean name="mbeanServer" class="java.lang.management.ManagementFactory"
    factory-method="getPlatformMBeanServer"></bean>

  <bean name="hornetQSecurityManagerImpl" class="org.hornetq.spi.core.security.HornetQSecurityManagerImpl"></bean>

  <bean name="fileConfiguration" class="org.hornetq.core.config.impl.FileConfiguration"
    init-method="start" destroy-method="stop"></bean>

  <bean name="hornetQServerImpl" class="org.hornetq.core.server.impl.HornetQServerImpl">
    <constructor-arg ref="fileConfiguration"></constructor-arg>
    <constructor-arg ref="mbeanServer"></constructor-arg>
    <constructor-arg ref="hornetQSecurityManagerImpl"></constructor-arg>
  </bean>


  <!-- Bind the connection factory -->
  <bean name="jmsServerManagerImpl" class="org.hornetq.jms.server.impl.JMSServerManagerImpl"
    init-method="start" destroy-method="stop">
    <constructor-arg ref="hornetQServerImpl"></constructor-arg>
  </bean>



  <bean id="jndiTemplate" class="org.springframework.jndi.JndiTemplate">
    <property name="environment">
      <props>
        <prop key="java.naming.factory.initial">org.apache.naming.java.javaURLContextFactory</prop>
        <prop key="java.naming.factory.url.pkgs">org.apache.naming</prop>
      </props>
    </property>
  </bean>

  <bean id="connectionFactory" class="org.springframework.jndi.JndiObjectFactoryBean">
    <property name="jndiTemplate" ref="jndiTemplate"></property>
    <property name="jndiName" value="HQConnectionFactory"></property>
  </bean>


  <bean id="destination" class="org.springframework.jndi.JndiObjectFactoryBean">
    <property name="jndiTemplate" ref="jndiTemplate"></property>
    <property name="jndiName" value="testQueue"></property>
  </bean>




  <bean id="jmsContainer"
    class="org.springframework.jms.listener.DefaultMessageListenerContainer">
    <property name="connectionFactory" ref="connectionFactory"></property>
    <property name="destination" ref="destination"></property>
    <property name="messageListener" ref="simpleMessageListener"></property>
    <property name="maxConcurrentConsumers" value="1"></property>
  </bean>

  <bean id="simpleMessageListener" class="com.icodingclub.jms.listner.MessageListenerImpl"></bean>
</beans>
