<?xml version="1.0" encoding="UTF-8"?>
<beans xmlns="http://www.springframework.org/schema/beans" xmlns:xsi="http://www.w3.org/2001/XMLSchema-instance"
  xmlns:jee="http://www.springframework.org/schema/jee" xmlns:jms="http://www.springframework.org/schema/jms"
  xmlns:p="http://www.springframework.org/schema/p"
  xsi:schemaLocation="
    http://www.springframework.org/schema/beans http://www.springframework.org/schema/beans/spring-beans.xsd
    http://www.springframework.org/schema/jee http://www.springframework.org/schema/jee/spring-jee.xsd
    http://www.springframework.org/schema/jms http://www.springframework.org/schema/jms/spring-jms.xsd">

  <jee:jndi-lookup id="connectionFactory" jndi-name="java:comp/env/jms/ConnectionFactory"
    cache="true" resource-ref="true" lookup-on-startup="true"
    expected-type="org.apache.activemq.ActiveMQConnectionFactory"
    proxy-interface="javax.jms.ConnectionFactory"></jee:jndi-lookup>

  <jee:jndi-lookup id="fooQueue" jndi-name="java:comp/env/jms/FooQueue"
    cache="true" resource-ref="true" lookup-on-startup="true"
    expected-type="org.apache.activemq.command.ActiveMQQueue" proxy-interface="javax.jms.Queue"></jee:jndi-lookup>


  <bean id="cachedConnectionFactory" class="org.springframework.jms.connection.CachingConnectionFactory"
    p:targetConnectionFactory-ref="connectionFactory" p:sessionCacheSize="10"></bean>

  <bean id="simpleMessageListener" class="com.icodingclub.jms.listner.MessageListenerImpl"></bean>

  <bean id="jmsContainer"
    class="org.springframework.jms.listener.DefaultMessageListenerContainer">
    <property name="connectionFactory" ref="cachedConnectionFactory"></property>
    <property name="destination" ref="fooQueue"></property>
    <property name="messageListener" ref="simpleMessageListener"></property>
    <property name="maxConcurrentConsumers" value="1"></property>
  </bean>

</beans>
