<configuration xmlns="urn:hornetq" xmlns:xsi="http://www.w3.org/2001/XMLSchema-instance"
  xsi:schemaLocation="urn:hornetq /schema/hornetq-configuration.xsd">
  <!-- 127.0.0.1 127.0.0.1 -->

  <connectors>
    <connector name="netty">
      <factory-class>org.hornetq.core.remoting.impl.netty.NettyConnectorFactory
      </factory-class>
      <param key="host" value="127.0.0.1"></param>
      <param key="port" value="5445"></param>
    </connector>

    <connector name="netty-throughput">
      <factory-class>org.hornetq.core.remoting.impl.netty.NettyConnectorFactory
      </factory-class>
      <param key="host" value="127.0.0.1"></param>
      <param key="port" value="5455"></param>
      <param key="batch-delay" value="50"></param>
    </connector>
  </connectors>

  <acceptors>
    <acceptor name="netty">
      <factory-class>org.hornetq.core.remoting.impl.netty.NettyAcceptorFactory
      </factory-class>
      <param key="host" value="127.0.0.1"></param>
      <param key="port" value="5445"></param>
    </acceptor>

    <acceptor name="netty-throughput">
      <factory-class>org.hornetq.core.remoting.impl.netty.NettyAcceptorFactory
      </factory-class>
      <param key="host" value="127.0.0.1"></param>
      <param key="port" value="5455"></param>
      <param key="batch-delay" value="50"></param>
      <param key="direct-deliver" value="false"></param>
    </acceptor>
  </acceptors>

  <security-settings>
    <security-setting match="#">
      <permission type="createDurableQueue" roles="guest"></permission>
      <permission type="deleteDurableQueue" roles="guest"></permission>
      <permission type="createTempQueue" roles="guest"></permission>
      <permission type="deleteTempQueue" roles="guest"></permission>
      <permission type="send" roles="guest"></permission>
      <permission type="consume" roles="guest"></permission>
      <permission type="manage" roles="guest"></permission>
    </security-setting>
  </security-settings>

  <address-settings>
    <!--default for catch all -->
    <address-setting match="#">
      <dead-letter-address>jms.queue.DLQ</dead-letter-address>
      <expiry-address>jms.queue.ExpiryQueue</expiry-address>
      <redelivery-delay>0</redelivery-delay>
      <max-size-bytes>-1</max-size-bytes>
      <page-size-bytes>10485760</page-size-bytes>
      <message-counter-history-day-limit>10</message-counter-history-day-limit>
    </address-setting>
  </address-settings>

  <paging-directory>${hornetq.data.dir}/paging</paging-directory>
  <bindings-directory>${hornetq.data.dir}/bindings</bindings-directory>
  <journal-directory>${hornetq.data.dir}/journal</journal-directory>
  <large-messages-directory>${hornetq.data.dir}/large-messages
  </large-messages-directory>

</configuration>
