<?xml version="1.0" encoding="UTF-8"?>
<!DOCTYPE log4j:configuration SYSTEM "log4j.dtd">
<log4j:configuration xmlns:log4j="http://jakarta.apache.org/log4j/" debug="false">
  
  <appender name="CONSOLE-INFO" class="org.apache.log4j.ConsoleAppender">
    <layout class="org.apache.log4j.PatternLayout">
      <param name="ConversionPattern" value="%-5p - %-30c{1} - %m%n"></param>
    </layout>
    <filter class="org.apache.log4j.varia.LevelMatchFilter">
      <param name="levelToMatch" value="info"></param>
      <param name="acceptOnMatch" value="true"></param>
    </filter>
    <filter class="org.apache.log4j.varia.DenyAllFilter"></filter>
  </appender>
  
  <logger name="org.apache">
    <level value="WARN"></level>
  </logger>
  <logger name="org.springframework">
    <level value="debug"></level>
  </logger>
  <logger name="org.apache.activemq">
    <level value="info"></level>
  </logger>
  <logger name="org.apache.activemq.store.kahadb">
    <level value="warn"></level>
  </logger>
  <logger name="com.icodingclub.jms.listner">
    <level value="debug"></level>
  </logger>
  
  <root>
    <priority value="debug"/>
    <appender-ref ref="CONSOLE-INFO"></appender-ref>
  </root>
  
</log4j:configuration>