<?xml version="1.0" encoding="UTF-8"?>
<configuration xmlns="urn:hornetq"
	xmlns:xsi="http://www.w3.org/2001/XMLSchema-instance"
	xsi:schemaLocation="urn:hornetq /schema/hornetq-jms.xsd">
	<connection-factory name="InVMConnectionFactory">
		<connectors>
			<connector-ref connector-name="netty" ></connector-ref>
		</connectors>
		<entries>
			<entry name="/HQConnectionFactory" ></entry>
		</entries>
	</connection-factory>
	<queue name="DLQ">
		<entry name="/queue/DLQ"></entry>
	</queue>
	<queue name="ExpiryQueue">
		<entry name="/queue/ExpiryQueue" ></entry>
	</queue>
	<queue name="testQueue">
		<entry name="/testQueue" ></entry>
	</queue>
</configuration>